case_num,category,Kh_Kv,inj_rate,permeability,porosity,prod_bhp,thickness
0,train,16.42347493,1740.711355,288.9833328,0.163009452,796.9922543,23.71863248
1,train,96.69095395,2216.996775,127.8017031,0.265197806,672.4083642,50.10332023
2,train,45.99048495,1494.508214,321.7025544,0.109952448,532.5633987,73.41028163
3,train,88.32230197,2242.513803,427.2755051,0.137529578,976.7776822,37.44392947
4,train,27.82383672,2994.073285,398.7412432,0.220835814,465.2079415,15.78893999
5,train,49.37600481,1289.673511,242.7726553,0.136012735,874.1793237,51.02197709
6,train,68.02513305,1701.870338,116.3473344,0.226200704,664.1514944,25.85512701
7,train,21.9876877,2914.393603,69.71414855,0.244080897,660.1938272,20.88428111
8,train,49.74272068,1634.952561,325.446493,0.147798269,395.9097135,20.58493287
9,test,42.49431504,1671.382942,259.1243294,0.229653383,302.1304987,17.10115275
10,train,45.56282314,1039.504281,88.3126063,0.262261006,566.3463662,50.18273608
11,train,94.80237706,1303.609058,112.4326269,0.262506395,572.3003124,14.63353804
12,train,63.73810922,1738.56186,104.0239081,0.150386684,780.2000854,21.33206134
13,test,81.65651794,1244.689219,201.998281,0.266884045,607.01423,17.83376404
14,train,37.32629956,1560.893377,216.7626724,0.190440151,941.0423697,82.42374937
15,train,96.90222622,1904.24136,487.0517783,0.209598258,582.5593807,36.29478037
16,train,15.25495545,1587.306204,491.1400011,0.192745957,931.8760811,41.34004643
17,train,74.93924526,2630.220945,84.5153081,0.201702755,241.8758957,11.8305948
18,train,82.37043391,1216.399525,406.5436088,0.154642047,833.6601201,84.77485516
19,train,47.98950308,1313.187349,401.6524763,0.119030121,721.656764,92.04282473
20,train,50.68016411,2146.646293,242.0182068,0.240030701,771.8425983,21.77176908
21,train,47.55972575,1995.44742,349.0198845,0.229860019,718.8694275,90.68109056
22,train,64.2309033,2378.85472,396.6107162,0.261387151,567.5398059,75.69807922
23,train,24.82820562,1224.641913,375.1837033,0.248774864,605.2112203,92.84436874
24,test,64.83445095,2474.871952,359.5805985,0.115378558,677.6450482,20.28210538
25,test,77.40665102,2322.89796,462.2358302,0.138905844,825.7678203,65.46888761
26,test,93.19334958,2214.053245,429.8790411,0.260352548,559.733786,76.42142578
27,train,1.320968471,2188.185373,341.5489817,0.195595797,816.2687459,90.57629409
28,train,13.46707416,1658.322464,456.131564,0.266480422,956.0110144,90.63447557
29,train,94.54662869,2038.735014,261.0098761,0.266320481,238.430269,33.49373179
30,train,18.30016995,1419.030297,205.8819227,0.114164867,312.9469604,12.15567511
31,train,21.63894918,1391.097583,498.338095,0.196547224,972.7122515,88.13922599
32,train,48.94571693,1775.845736,222.585593,0.169599989,394.9928059,88.9904516
33,train,90.73820416,1528.514597,403.6136786,0.130172,553.7959563,44.87811673
34,test,95.4614039,2325.735148,379.4051239,0.206090486,753.0747763,94.39433729
35,train,38.50573643,2375.91285,354.995629,0.175915166,364.3031988,91.79112859
36,train,74.91835226,2422.64136,153.3826161,0.278217399,315.5784996,45.50258429
37,train,27.35139845,2828.1678,138.6248871,0.111011188,548.4018257,25.95192141
38,train,3.377058439,1983.701781,222.0841084,0.154654037,931.7748812,56.61912683
39,train,18.81243638,2946.5864,350.1338689,0.213178859,381.1852257,46.52002893
40,train,95.25480683,2633.286511,173.2287806,0.178489452,877.2419866,48.73189387
41,train,97.62907098,2163.065728,384.6687237,0.187796897,468.4774435,38.66601611
42,train,16.33040972,1688.953223,126.5941753,0.163353584,539.7342305,12.22391677
43,train,78.08567762,1308.276585,152.7448,0.173397274,477.1594689,68.27968642
44,train,47.36775528,1624.170364,492.9176452,0.268759101,966.6269876,56.96151957
45,train,38.84218538,1167.220717,361.1956112,0.198591344,892.6565158,94.93738352
46,test,69.39783331,2631.56723,195.7951695,0.264493276,290.0065384,45.18922387
47,train,93.9540681,1182.164683,195.583897,0.271114785,776.1370198,97.26623382
48,test,49.98902568,2417.375922,396.9544872,0.214869703,236.7946939,84.63099093
49,train,31.62961336,2020.574939,467.2173303,0.184755758,254.5411958,46.29859572
50,train,88.98948299,2489.33003,252.4667483,0.181338068,812.5780731,14.32411136
51,train,74.48276749,2767.70464,284.1579834,0.257316608,703.3140213,95.94496184
52,train,75.69255349,2256.533411,252.7977407,0.296719731,289.6188759,88.01829976
53,test,19.52569258,1769.521414,176.8706799,0.103954572,606.4530673,97.1031731
54,train,8.976566602,1555.996072,421.5343779,0.17247035,832.6247879,90.64014359
55,train,76.60244893,2452.881019,217.5110421,0.283892974,652.9307767,31.79296513
56,train,78.02147423,1030.191525,174.3491634,0.169927248,259.9321773,34.89983961
57,test,44.57426708,2190.335013,227.7792168,0.202751114,600.9299951,89.23338316
58,train,64.39037007,2585.644815,290.040949,0.24934975,705.02974,47.39740249
59,train,82.91006662,2708.71867,119.4277698,0.259900381,450.8314717,13.31070745
60,test,75.34816369,2311.1279,98.71166264,0.152524636,477.3578038,80.1553581
61,test,98.11619335,1751.087703,400.0238792,0.26493248,606.1004621,43.70652027
62,train,80.08496801,1377.116039,355.0622933,0.157522147,272.386455,68.23636969
63,test,90.44940281,1760.2661,223.7299692,0.280555291,683.6655015,52.42016902
64,train,54.20027646,2300.632595,489.7834758,0.224227272,515.1518609,29.62299375
65,train,31.54513795,1701.621821,474.2969568,0.188537579,277.4310327,30.70057128
66,train,38.45711865,2495.206493,289.9518294,0.180083933,546.2053442,46.01116992
67,train,93.5961985,2035.436878,125.1072061,0.104625053,421.4624923,70.85794861
68,train,69.67153041,1594.204814,259.3095012,0.280399242,963.4812561,90.10735181
69,train,37.82825811,2861.632049,183.867934,0.12468155,607.7778505,29.77422163
70,train,47.66385735,2576.213515,88.78761547,0.144201658,808.5658548,33.55712032
71,train,24.40901463,1898.542532,414.0153592,0.18373706,343.8103944,25.32909463
72,train,50.33984178,1558.527573,274.3053159,0.205094731,869.321747,19.87261196
73,train,99.14098016,1115.578709,116.326758,0.26936503,577.3842214,69.8634256
74,test,24.85492406,1251.883628,249.2354859,0.161417036,424.9557746,25.29932378
75,train,63.89318704,1255.113759,105.1080283,0.192953864,628.3733271,52.2118109
76,train,61.75607138,1308.722335,153.33746,0.154270095,968.1232771,94.98833904
77,train,53.04862682,1714.354726,463.7407769,0.27152951,988.9231834,96.45056567
78,train,89.62545761,1888.338742,398.5629457,0.106015273,291.8522836,15.1645683
79,train,63.65163706,1447.708203,198.8000151,0.182631306,743.3793881,73.43100553
80,train,54.53994958,2614.898146,182.9195633,0.138032557,430.7810403,52.50453144
81,train,33.24330708,1650.834869,175.6817155,0.276572187,988.1764671,13.53790015
82,train,45.30026032,1190.592133,191.352128,0.116633653,334.4105537,16.96188957
83,train,92.4195436,1679.089441,225.3556372,0.243433247,730.9453126,44.71945588
84,train,2.859891408,1955.43905,89.40493333,0.153116671,601.5930672,19.91931655
85,train,48.45949,2313.531993,364.794631,0.28243798,933.8035661,24.22917853
86,train,98.46816449,2744.805869,240.9072408,0.294369151,720.6317802,70.23105017
87,train,82.00047102,1177.482918,71.48963421,0.149176781,998.7849587,96.59873378
88,train,99.42568918,1430.576141,301.3674355,0.148704181,755.168983,92.91857445
89,train,67.14748579,2749.83578,233.8701822,0.234755032,331.3292705,80.05577638
90,train,68.49974804,2211.824435,398.6515434,0.144741439,768.2631082,14.08598571
91,train,91.19599766,1491.874688,187.4960578,0.213241432,732.2966849,88.27044787
92,train,23.69469238,2305.786961,366.4171913,0.272077424,345.173149,16.35825319
93,train,74.58074358,2692.90313,340.1060977,0.132040047,309.5645667,87.79030211
94,test,65.90673558,2748.333309,215.8243715,0.132006576,435.7569147,10.65398524
95,train,82.04610303,2861.559315,446.7827125,0.203225365,612.6653152,47.63933078
96,train,14.56530538,1001.52791,55.28498154,0.265127424,464.7923839,21.99341095
97,test,20.75840367,1665.999758,256.476553,0.297377942,931.9402023,63.99966719
98,test,63.27284604,2701.107245,80.5383461,0.296122261,797.5997315,58.25687909
99,test,95.54861299,1169.491352,189.7929671,0.254021229,981.4094011,81.12458274
100,train,91.83629606,1290.99389,429.7188795,0.127731612,574.4456507,47.24614904
101,train,17.76562958,1287.398391,394.5413118,0.142254115,377.7536229,32.70183234
102,train,64.37541948,2169.294725,456.0674801,0.114047736,287.0780046,75.73821868
103,train,22.47143637,1791.086394,495.2590525,0.189468657,891.0198116,94.55773401
104,train,57.14433687,2298.98702,400.4974794,0.215306904,826.1765093,28.71237888
105,train,34.40634456,2708.227648,278.4888105,0.140843882,433.1598963,94.57964372
106,train,38.43747492,2528.559577,299.7555218,0.212455932,994.0627181,39.74450854
107,train,4.589008703,1424.147866,203.9406471,0.187672969,886.5379254,20.78350653
108,test,93.37005627,2416.969768,237.0604885,0.109915352,818.7159662,94.20294792
109,test,74.80806244,1115.273616,160.4187755,0.238045813,388.3454841,41.46492324
110,test,25.70780998,2827.013866,494.7460196,0.212985454,444.9886886,76.62983072
111,train,39.54831275,1562.1419,179.622983,0.222435313,844.298377,10.56994401
112,train,42.6914095,2605.374891,198.3310617,0.252492841,571.1678671,91.42184951
113,test,15.52487571,2062.476525,222.041845,0.215436801,599.5970533,92.89078265
114,train,19.08822287,1247.399413,172.347199,0.133951394,918.8983405,16.89218275
115,train,56.81517509,1946.61005,253.3175339,0.188007388,717.5534311,51.20412435
116,train,78.18754591,1859.943402,93.60518336,0.164230586,247.6242744,62.52255785
117,train,79.56279366,2231.897099,74.79848676,0.128387839,680.5441054,53.49840523
118,train,87.66188257,2331.281444,383.4907467,0.132666848,961.8899106,44.25080943
119,train,12.49474212,2534.034649,352.5709644,0.210938213,600.0616968,57.69956225
120,train,74.82367525,1971.243841,249.20607,0.136644605,320.0050209,79.91485589
121,train,77.37251948,2770.244561,291.8347543,0.140177791,484.2865741,63.31017606
122,train,66.30824431,2761.012134,198.5662865,0.154646935,579.7172451,79.62191011
123,train,32.51395955,2646.177353,143.3608505,0.118660193,237.2670602,81.85314799
124,train,43.46892675,1895.709157,76.68849685,0.28801139,894.4156017,27.84156225
125,test,38.09569629,2315.562082,488.7582088,0.110606267,805.0325092,80.84772284
126,train,47.13797671,1746.181654,241.7426699,0.168698262,275.066752,34.07184837
127,test,99.05689949,1999.114999,292.0983893,0.280996252,256.0370985,46.78364546
128,test,6.17994362,1629.81006,467.4127922,0.228859453,363.6345297,85.81829296
129,train,39.01732525,1385.75397,398.9464117,0.286537057,967.6470558,36.16809343
130,train,75.28741433,2481.527865,270.7993128,0.184564122,612.6194718,33.9280467
131,train,55.41386898,1088.840653,166.2268259,0.259931239,396.3100849,73.62110017
132,train,33.87335355,1838.949343,275.5072403,0.23266239,958.3959892,67.95360356
133,train,65.69770167,2669.353451,265.769524,0.134689244,218.9751678,51.00542753
134,test,50.02565811,2643.794202,173.0655908,0.233679283,245.6926596,56.54111667
135,train,59.1607358,1357.666726,163.0480787,0.185997766,763.8161167,77.91680684
136,train,99.58217207,1174.471083,159.4713712,0.143413394,981.1859985,75.8736714
137,train,13.40848153,2196.951788,146.7593009,0.15035897,680.1440894,52.76323595
138,train,23.87854362,1525.459004,405.047106,0.184826371,513.8296933,78.66262906
139,train,16.33197283,1961.470271,459.8395563,0.219750799,592.672642,86.70202098
140,test,95.31606992,2834.153213,343.7040011,0.141957856,759.719657,70.18121325
141,train,64.53288546,1077.651402,369.2783231,0.176753591,610.1024232,40.19539947
142,train,25.61970439,1576.748651,88.34024699,0.2181178,499.1359765,75.74597431
143,train,10.41745421,2677.609025,250.1092664,0.112799817,409.7716108,14.82708883
144,train,43.3089381,1344.337564,224.3650429,0.244607399,422.6304144,91.25971802
145,train,95.95080331,1071.99808,420.2763897,0.126694364,489.9933172,42.6333103
146,test,41.39958608,2604.138558,251.387794,0.295324442,401.2022899,70.90061278
147,train,61.15736116,1939.496789,290.7309077,0.237266739,492.9926985,40.05362804
148,test,53.24818705,1300.117425,466.8131154,0.130598637,618.8179766,95.31285527
149,train,78.93408617,2988.51395,162.3472684,0.213753436,994.4214354,28.71406924
150,train,21.82681168,2501.957935,405.495802,0.154039029,706.7830846,42.2349127
151,train,17.99449199,1835.407474,121.2316203,0.237133668,999.7099899,61.36640214
152,train,86.73925804,1949.006645,499.47988,0.215860096,931.8630603,25.08407787
153,test,48.37740037,2144.156118,90.59102367,0.208916208,571.2473516,40.4385659
154,train,48.02858992,2791.084467,253.9679556,0.263245596,807.247271,89.46113941
155,train,94.3291035,2086.691073,445.7481362,0.23319255,263.4367396,58.20430443
156,train,55.24549117,2031.391686,277.0983537,0.205693778,663.4904326,83.67735572
157,train,68.02250615,2900.533991,111.2379937,0.154008448,408.2067343,14.36439625
158,train,66.50778427,2077.674933,238.4030884,0.187008217,280.2394305,72.35038562
159,test,3.207708751,2313.154295,392.2605321,0.248420861,638.6571884,65.65927661
160,train,73.60704959,2848.720743,447.841537,0.123586089,887.4897957,27.86019531
161,train,69.40991823,1683.285564,406.3140464,0.267745503,553.237198,51.45636302
162,train,24.44561712,2380.564243,486.6254301,0.271168972,396.4954524,59.23646946
163,train,13.72767092,2145.350732,96.63644401,0.208904454,902.2682176,36.38700779
164,test,17.32654331,2531.794611,144.3047439,0.210439682,874.9781693,26.20016996
165,train,55.8113896,2270.618427,300.2177663,0.215370344,915.5637491,29.17064008
166,train,99.18667311,1456.103816,281.5420547,0.148417121,560.3467654,90.23673405
167,train,43.71921367,1039.250081,316.6447809,0.197504815,799.2540022,55.03985778
168,test,93.22332047,2834.300055,328.873972,0.11103444,415.6786141,18.25916922
169,train,83.17125947,1753.234815,277.2055963,0.216219977,336.6068051,24.57087412
170,test,84.6610459,2823.375263,291.9664867,0.166938927,466.6400899,39.58282497
171,test,46.99967678,2706.363136,452.6795733,0.132986165,719.3780749,85.88988569
172,train,98.64727837,2605.53292,219.6681952,0.265835552,461.6470536,40.8871566
173,train,55.2368855,1274.733119,311.5507195,0.120105508,449.0928647,25.72243897
174,train,15.89443509,1419.994328,455.4237283,0.106663003,743.2904203,88.14088325
175,train,2.702132203,2895.938297,210.3464727,0.247309095,769.3251395,96.41343099
176,train,4.948982532,2557.935856,99.17778238,0.28032057,312.9339606,27.66140146
177,train,84.55367632,2847.286049,56.26355878,0.269680935,695.1594439,54.32976763
178,train,4.534619113,1905.993486,168.7944526,0.245602863,702.6681681,59.03892449
179,train,30.86170074,2743.408757,383.2061601,0.241183206,838.5215515,60.44468929
180,train,51.07179019,1187.074358,455.3408927,0.174638313,441.5973375,19.9093534
181,train,44.8190197,1683.312549,301.743757,0.190286165,647.4813059,83.91940811
182,train,33.63128895,1347.091961,406.9548455,0.193701449,242.3739358,62.6304467
183,train,95.45600323,2153.725699,86.20482475,0.293508608,643.363024,32.32106358
184,train,18.52876452,1609.245956,317.7889427,0.252475923,492.2084375,28.74652788
185,train,55.79029516,2027.550062,151.5984155,0.242052384,976.4421711,68.76931626
186,train,9.70604993,1821.481886,169.973445,0.123975097,551.3502658,62.52317235
187,train,99.27096248,1843.954617,109.3592698,0.299749731,288.5361898,74.18165416
188,train,92.40031907,2936.831192,171.0143201,0.14234846,288.5222357,36.32053821
189,train,45.48856793,1356.026233,155.3131727,0.102261459,532.3121625,27.37223299
190,train,88.82589732,1840.143125,238.9849243,0.260408088,908.6278664,27.35613919
191,train,45.28701515,2359.39635,326.939477,0.245845048,419.5003121,47.54930457
192,train,87.31436581,2914.158755,180.3860276,0.268245055,407.2141873,89.18982937
193,train,38.83667628,2077.187678,490.9389153,0.11180488,905.6907464,12.3171514
194,train,41.38558504,2444.952334,412.2653152,0.135415191,429.3051268,65.77046521
195,train,30.57395935,1813.893515,117.0806264,0.290223745,667.5668712,56.40223977
196,train,31.11204559,1606.204813,337.2433125,0.211330794,715.3848423,20.79730287
197,train,12.95054987,2286.895287,329.251792,0.153144135,548.2598169,52.97544608
198,train,37.98996357,2978.444049,184.8654845,0.256567983,823.6863485,32.30026561
199,train,90.56314223,1977.511775,155.6487861,0.153055649,629.219356,14.35979024
200,train,36.71816969,2619.398899,153.619789,0.170117904,719.8158859,53.55449931
201,train,63.80283299,2845.394226,72.51515336,0.223090391,732.7668611,56.50630456
202,train,40.96570974,2907.561153,209.6282958,0.239913166,233.5110045,88.2459618
203,train,20.83105447,2031.363857,129.4170167,0.151674093,206.0154979,31.30470621
204,test,29.23745071,1719.229158,473.2082173,0.247617238,627.8981834,23.87683243
205,test,48.94302152,1761.998445,478.8703834,0.273439821,432.7177184,33.28488866
206,train,41.41032268,1164.243142,392.5071304,0.276422441,602.9700052,86.33001651
207,train,53.43045842,1164.225717,210.5783125,0.169661377,513.8936757,34.32736197
208,train,40.35498636,1953.304651,357.5257392,0.206056395,719.1440957,83.8965963
209,train,3.120175432,1453.165735,206.2467811,0.166767827,205.4545992,66.27492483
210,train,57.42939019,1308.748232,353.821646,0.24866315,460.5491173,40.10661436
211,train,95.97107696,1250.027204,69.67362598,0.126235192,968.90353,21.92462876
212,train,30.39682104,1846.439953,387.3385849,0.24931991,687.4211662,72.86570616
213,train,70.14198743,1115.553855,316.6500086,0.22095448,455.2051033,33.42182236
214,train,90.28776209,1174.987804,387.3273714,0.269253004,676.1056266,82.44185095
215,train,41.3144301,1789.397969,317.8456976,0.171445169,518.3424381,11.12143172
216,test,51.76480716,2780.61057,338.5407881,0.177438078,620.5951402,63.49417734
217,train,58.1164682,2304.522902,129.6012311,0.132642035,332.842961,91.9425066
218,train,98.48529095,1500.136745,354.2981033,0.271680488,210.4033334,13.61847861
219,train,33.20263947,2610.801955,100.0492343,0.10933511,775.4227578,44.35415978
220,train,30.97802499,2497.174099,146.9642869,0.255026538,454.2708508,19.4471183
221,train,20.45608423,2855.606353,295.7339252,0.102565019,928.1016871,15.27518324
222,train,67.38537883,2282.451262,346.2107882,0.122701511,969.6860805,37.48694356
223,train,43.36627841,1763.047521,118.6672869,0.154694329,494.0257609,59.91897341
224,train,26.46840561,1285.117451,195.2228654,0.145984581,735.0602151,21.67392335
225,train,61.42431522,1862.102305,493.1536788,0.156421494,566.1377798,38.56747263
226,train,17.21428977,2630.382328,171.060341,0.16412771,527.9382502,80.79950395
227,train,41.26062329,2000.976878,413.6271546,0.149481025,258.3862208,65.52600014
228,test,76.4987166,1897.842431,158.9602063,0.264386775,844.7211448,15.25015238
229,train,13.85834212,1111.593782,420.9884953,0.203437034,791.7803921,35.00932184
230,train,65.03523017,2767.619659,341.1035859,0.241837374,395.5758338,64.53513988
231,train,93.5861145,1057.346539,458.590755,0.13162359,787.656359,51.44330387
232,test,36.53581585,1229.981526,164.4635705,0.231787411,348.451951,23.39518675
233,train,50.01150444,1032.555748,149.4239867,0.123786115,816.9595208,84.54625491
234,train,98.39455594,2051.12355,369.7647595,0.153180495,464.7159509,27.42455268
235,train,65.64839036,1704.369761,465.9700168,0.138670582,717.2161796,92.43776563
236,train,47.03652121,2262.163457,401.8007236,0.102100104,769.5569425,75.90303885
237,test,34.97786994,1923.164881,470.490211,0.238510712,435.2554979,19.40712924
238,train,4.178539539,2949.592895,217.5317547,0.146432973,603.1973629,21.77816865
239,train,84.67157139,2276.097085,166.6838618,0.185770684,222.9943271,42.5317495
240,train,91.77587294,2230.542799,61.87033158,0.295504507,382.9721486,74.89772358
241,train,37.82206092,2689.03,336.6399857,0.271254051,286.1164273,13.11945746
242,test,91.35451518,2743.074311,358.4200409,0.266458901,819.1298181,98.45053581
243,train,81.06233084,1994.233739,196.7464813,0.245417139,913.5894275,46.98236006
244,train,2.839967743,1546.187356,361.7112638,0.158017196,374.5856188,58.51507015
245,train,12.09605021,1330.37733,499.0127042,0.172610661,293.320559,53.11809335
246,train,53.07333828,2713.512115,493.2361999,0.194536799,807.7369317,72.68012815
247,train,49.50827575,1510.737954,482.5367579,0.259117244,867.8025368,98.01268049
248,train,62.61264808,2074.752644,323.229364,0.206940404,363.4159094,24.07335393
249,train,64.34713379,1007.152711,195.245394,0.279708285,599.0367464,12.30319363
250,train,64.57986393,1455.059444,180.2198547,0.102862227,243.4821149,48.53147136
251,train,49.49259587,1007.907629,310.0115002,0.177568796,770.8359665,16.61950698
252,train,25.91139249,1358.323336,85.63221734,0.224223986,961.4212606,48.0350506
253,train,25.35316978,1913.264058,52.4838699,0.123077492,245.3128432,55.16428213
254,train,10.27187913,1111.243763,365.0596927,0.1262884,909.409105,95.17689884
255,train,35.20951539,1881.024744,398.532027,0.101475897,579.6600754,29.31219075
256,test,54.04549551,1708.822319,495.0951169,0.173270059,426.689062,15.03069726
257,train,87.92777945,2741.044542,157.10299,0.106467617,608.4096839,84.3590732
258,train,35.50390967,1577.367417,88.78156297,0.213512394,373.7374134,44.52869041
259,test,10.01678447,1097.331362,264.7700168,0.223962177,816.2578668,75.77101543
260,train,46.09716721,1458.612833,323.3488508,0.109927528,837.8863073,55.39134637
261,train,18.96301047,2162.35055,145.63344,0.124230136,723.1270431,78.11767423
262,train,2.057854863,1874.650286,309.3587465,0.288531645,917.7476105,20.80888377
263,train,74.00750836,1700.170777,182.1656845,0.166771131,939.7755092,92.33663522
264,train,29.48105063,1148.747202,184.3682844,0.244879895,320.2857603,61.91781546
265,train,53.30438975,2439.584145,422.8140444,0.278451348,622.9196885,80.68628398
266,train,48.35424185,1080.690605,326.5743249,0.165127577,535.4600814,93.63861068
267,train,93.25663551,2759.539699,303.8530493,0.175252635,562.0942728,38.67058062
268,train,39.96690653,1070.122378,421.1911224,0.19791262,917.0656107,15.17208383
269,train,76.18572723,1637.849987,127.1625373,0.126094255,831.1229906,24.18512083
270,test,96.15744821,2854.207281,376.9425232,0.172881808,270.7621216,68.26287889
271,test,89.39771488,2343.036844,136.4789462,0.281812957,550.6759805,34.30147927
272,train,42.33511377,1665.019507,104.3699476,0.292278271,430.8650178,90.59700119
273,train,80.34585514,2959.349585,243.4774612,0.201705243,655.2015189,70.87186065
274,train,2.043160388,2957.75745,215.8358377,0.235474449,674.8581706,27.29653555
275,train,38.00300608,2710.80111,422.2938281,0.258955178,480.7251073,18.34883737
276,train,63.68127331,2662.513065,88.44025495,0.212248405,334.3110277,48.69824018
277,test,53.00489952,2179.6078,369.7830047,0.180416342,914.8817986,96.7215451
278,train,72.72908424,1556.055879,196.9546506,0.226078674,226.7275035,29.06008139
279,train,84.836935,2075.999226,282.7333265,0.260765718,252.6670981,75.00115371
280,train,58.9713292,1196.823867,457.0572438,0.2828875,714.793875,35.46712538
281,train,31.50566628,1163.057879,384.7383215,0.244687778,729.6052189,70.74778684
282,train,4.605227008,1102.20107,172.8783732,0.126449623,688.4056633,93.8071571
283,test,86.04493139,1416.340603,313.5214275,0.156949944,917.2452653,21.1246484
284,train,92.31681815,1320.521451,292.5579431,0.217389687,345.6943,14.28611283
285,test,74.21624849,2151.177357,307.0939878,0.197694245,434.5505861,65.29424121
286,train,88.40354453,2093.381718,117.7150368,0.233329175,557.410222,39.07498281
287,train,43.4046308,1476.14623,408.8490304,0.111201337,955.7294242,89.64565731
288,train,31.43811459,1459.013229,152.207477,0.216113782,896.8379681,46.18361936
289,test,10.02680711,2083.035523,63.54983858,0.220855972,576.1110374,81.0367712
290,train,2.816282777,2057.468103,338.7662808,0.162548936,440.8497468,23.53557794
291,train,12.48141115,2302.279265,266.2783205,0.158022898,355.2592669,67.15386831
292,train,65.32468272,2150.486277,179.8521645,0.138818981,917.7894712,26.17623579
293,train,76.46148085,2129.864592,424.7798967,0.288449103,603.2231141,98.07389052
294,train,61.96166785,1004.072403,75.84255043,0.173056114,834.5512073,54.12335407
295,train,87.22473629,1230.860303,260.9499771,0.164638609,843.3103832,23.1771842
296,train,85.23340392,1108.754246,411.4450568,0.186015975,552.3714872,25.50118541
297,test,82.82750765,1504.110596,129.2645333,0.277288473,605.3990475,36.75021375
298,train,95.9679565,1602.192567,354.2580898,0.181137097,771.6680988,86.77919805
299,test,56.28151411,1802.997619,476.7570973,0.193761893,380.0202522,61.9241715
300,train,95.20779922,1554.377746,454.8898981,0.156611892,857.6422313,78.85363783
301,train,88.2914392,1801.278077,457.5595564,0.22682181,244.6894216,72.27842183
302,train,10.4515742,1883.417955,216.6250126,0.264842065,284.9752904,99.86493072
303,train,98.04973201,2044.681596,338.1876253,0.228614213,269.7161969,18.01663405
304,train,65.28991891,1788.970736,423.7789416,0.250212586,404.3903303,69.42084201
305,test,35.68092986,1645.791506,77.10114381,0.212180269,609.4632646,57.11191397
306,train,75.72263157,2379.806975,300.7779174,0.222960024,902.9299884,99.32298769
307,train,98.77567509,2285.337885,148.5126003,0.176173319,598.6346595,24.17543827
308,test,70.09213142,2726.445693,53.27558544,0.211782841,841.1776028,30.93769254
309,train,87.21988417,1503.476002,78.44882455,0.198402558,494.0571662,12.16259735
310,train,48.74632507,1164.686138,341.683905,0.224726172,730.4711522,63.02244528
311,train,65.59215954,1480.91745,93.83402311,0.251555564,892.376646,55.27038091
312,train,29.58629686,1407.535152,394.6134723,0.135677668,277.5503024,59.94117775
313,train,42.41036262,1869.811209,226.5642549,0.174039419,672.0175665,10.80039756
314,train,67.63973403,1872.887514,118.6647747,0.231367481,605.0410159,97.01917768
315,train,37.26571381,2327.399944,392.3632608,0.186579126,711.0536052,67.97902791
316,test,32.36592801,2500.674892,267.478561,0.258235877,456.8548202,56.0169153
317,train,82.82685693,2437.593874,378.2123171,0.234929076,850.0686133,83.93326051
318,train,18.30379497,2089.129867,491.7359718,0.257104304,658.9550049,19.66465502
319,test,51.61728454,2471.021147,272.99665,0.281538493,593.1383385,85.62638505
320,train,6.699842524,2694.822074,104.9067261,0.17508919,569.2292476,85.67279486
321,test,60.59267518,1286.651784,101.668435,0.274941088,652.0705278,19.40914093
322,train,75.45889325,2836.646004,255.9301651,0.267574069,914.4621533,54.09343874
323,train,25.46079437,2646.672399,496.410516,0.292375848,608.842825,85.67994038
324,train,60.12319565,1054.327181,83.72379699,0.295454182,271.6282495,66.50787562
325,train,69.59941124,1294.242529,493.6057481,0.168549832,254.7681727,97.33802217
326,test,2.547144708,2680.207301,408.1948484,0.13413528,589.49542,55.97134436
327,train,50.24569531,2829.927236,181.9898295,0.120992865,571.447443,49.36071982
328,train,42.90547512,1925.321003,157.7325057,0.16788884,637.9808357,96.94283265
329,train,3.795266382,2465.087531,183.7517194,0.162996459,305.353616,38.58626197
330,test,56.11503577,2393.782703,171.800441,0.188804643,346.1699933,26.61130998
331,train,8.021809266,1635.002423,188.2279894,0.205641613,532.0481628,39.21401886
332,train,34.52457256,2308.138554,204.2133896,0.293851959,390.3381456,87.39820177
333,train,74.68295607,1858.625991,272.0219511,0.229577183,757.8725951,34.85361404
334,test,16.96900868,1072.704959,438.5541268,0.212840429,515.8870839,89.57686654
335,train,9.736332074,2714.680625,410.7494501,0.13717109,455.5371487,46.89129079
336,train,93.07633605,1287.688691,325.3495891,0.280596476,540.0026079,66.15441891
337,train,92.07279696,1192.33929,200.625636,0.16420371,722.0236687,62.37238703
338,train,63.2201264,2933.287225,219.0624946,0.129378608,976.5694641,89.55034829
339,test,4.221337237,2316.98777,431.3649749,0.283986254,705.4033323,22.01403859
340,train,51.40165952,1171.613308,138.0920346,0.144509616,591.6848353,30.7043105
341,train,70.40809834,2918.183476,210.1267376,0.146270254,676.0104073,14.41873605
342,train,43.69472573,1609.316669,315.1628973,0.227458313,520.038395,92.95496883
343,train,60.0360584,1978.238541,203.0734735,0.273061854,234.9416701,46.23454871
344,test,69.42347972,1154.583806,220.3451826,0.296880493,264.5822012,10.07100481
345,train,37.0007423,1884.240954,422.3102009,0.247223381,688.9019302,43.92646841
346,train,39.72926696,1567.562479,431.1063551,0.125400901,341.1951806,21.25572349
347,test,14.70564042,1387.213067,464.7610876,0.145793901,360.1177733,33.83107978
348,train,60.52677258,1999.588585,223.8175992,0.183225971,719.0199697,86.07448968
349,train,97.68534223,1016.279269,438.6770737,0.248906348,568.4252579,67.26301986
350,train,4.659030043,1842.431501,470.3773968,0.287711983,675.0557252,62.45020842
351,test,78.09333865,2991.704813,362.4391374,0.150714144,421.3065647,33.81866623
352,train,97.00501151,1377.169825,496.1872156,0.157113137,238.1188913,56.43037009
353,train,49.20129158,2939.575486,141.0513125,0.249850245,789.9300291,16.92074722
354,train,43.50769738,1943.713279,315.0973054,0.258357348,989.7227551,35.44392031
355,test,64.46023517,1970.024804,366.6910102,0.100644626,222.561858,82.50228172
356,train,67.60716041,1319.962108,202.7715483,0.126171947,570.6537835,48.10857929
357,test,54.64028591,2197.550196,200.6686813,0.268910241,770.3377344,97.15717756
358,train,44.06888954,1200.658102,452.1647848,0.226159663,458.3767852,54.56828796
359,train,86.14815475,2948.697237,393.0493037,0.233958267,639.9838941,25.16523941
360,train,94.7742002,2480.429481,217.5717316,0.248989983,338.9668368,78.14897779
361,test,32.90369352,1136.517852,137.2423861,0.184433728,730.4449116,13.34988078
362,test,77.54701444,2471.813083,110.7991309,0.146602344,433.9214082,17.17690582
363,train,64.17928254,2948.007199,405.8714542,0.192002543,763.411961,33.41240499
364,train,37.81749022,1556.627399,230.1205276,0.295077144,803.2472368,95.29131456
365,test,37.59062738,1360.184105,375.4550459,0.252160435,656.6679621,39.43824572
366,train,78.89734772,2544.216109,54.23320708,0.276495348,399.2712733,54.26439173
367,train,57.04010458,2622.015205,180.0624062,0.103966701,456.3160692,14.30194865
368,train,95.92570089,2613.845094,251.4224186,0.277172527,278.1737395,62.03624876
369,train,55.61701052,1543.457525,401.9143731,0.254774154,555.9131456,26.01065448
370,train,11.16844317,2435.929772,471.7865752,0.250642762,716.688636,83.33729147
371,test,45.05434057,2445.681982,107.392386,0.112695469,634.1441501,15.77956724
372,test,34.82570625,1499.518716,223.367557,0.240719223,573.6226416,13.88374262
373,train,16.53078246,2101.535368,301.4387556,0.102082949,206.4838929,45.63060106
374,train,55.56396115,2963.275801,440.4895916,0.211417326,609.260199,66.3954928
375,train,75.87222582,1803.567421,321.9595915,0.263850557,555.3994071,52.16022286
376,train,95.28100015,2315.835273,381.6249748,0.184998332,679.8414427,59.2053022
377,test,9.699665323,1896.409207,294.0598873,0.136447489,778.8352461,83.69163354
378,train,19.22553628,2699.74968,375.9426321,0.169510175,307.8268103,53.68465559
379,train,48.02539223,2666.109227,185.6652047,0.198236158,276.2461569,63.78701986
380,train,46.50185589,2637.413292,310.388222,0.191526813,983.1930374,62.36486583
381,train,58.10615419,1811.942444,160.6118113,0.1377156,382.0153542,27.15806469
382,train,37.67090786,2155.435645,366.7421022,0.21962502,421.0755624,88.89327977
383,train,71.01690139,2109.141101,56.43965238,0.230114467,256.3423497,90.55570045
384,train,21.18557499,2597.433154,144.9328733,0.21895969,401.477262,17.5226458
385,train,33.17091364,1643.05417,392.5134477,0.215132197,607.4448887,83.59845313
386,train,6.219406997,1855.748652,161.2538793,0.114372213,265.2607915,23.46180901
387,train,18.43339232,2182.408673,368.759604,0.276971344,767.9109024,46.31225888
388,train,8.408096275,2369.682612,134.9764589,0.106010172,216.1404539,71.83229383
389,train,15.15535476,1692.548308,204.3022772,0.234044048,580.5644002,98.63790243
390,train,10.72092089,1610.684331,325.9230886,0.194430458,993.7738,27.43448063
391,train,17.74304503,1327.831513,230.6859085,0.298417081,459.303415,93.66155812
392,train,69.27603917,2177.023257,151.0928017,0.218669499,930.7042625,31.28792447
393,train,23.57728451,2815.038614,375.8942549,0.243235096,616.0946175,58.3651978
394,train,53.01586381,1809.087728,401.6878914,0.157988845,567.1330697,12.32132041
395,train,69.0405769,1603.808397,244.8062556,0.176479204,200.4569401,93.21442366
396,test,75.99268872,1645.064098,99.3087279,0.19521536,420.0681272,96.14810181
397,train,96.02131965,2588.048709,84.21418543,0.24561752,685.5274776,81.35722788
398,train,51.7788242,1219.349859,243.4143554,0.287927946,549.8323248,23.77529448
399,train,57.1790342,2323.012944,422.7858758,0.184000707,724.8144551,70.04591065
400,train,72.71816767,2686.51252,453.758867,0.191969433,680.2353612,40.48294182
401,train,53.4338277,1446.197903,252.3258681,0.231891381,560.7696159,53.56500662
402,train,20.60193197,1749.183051,481.2556175,0.15485302,788.775232,50.47714497
403,test,70.93952278,1130.374383,296.7477253,0.147490691,365.518075,50.71530055
404,train,8.845980888,2475.895046,467.8134944,0.249094147,893.8823576,28.93706312
405,train,82.61247772,1746.910462,86.8111328,0.178601313,486.4743758,83.32289919
406,train,57.62732274,1763.5025,123.0263372,0.232149714,368.5941706,35.22135692
407,train,30.0828736,1100.415321,136.2445941,0.172475701,573.8929505,78.27539542
408,test,49.97545557,1370.487318,303.5668114,0.137133054,941.0929108,87.63477302
409,train,4.320432738,1066.436332,342.4810234,0.260470016,741.7285061,66.24593286
410,train,50.53295102,2110.459813,216.6454851,0.207461509,447.6498729,16.775011
411,test,14.00165646,2253.219777,191.1724721,0.243233212,594.7153019,39.02543862
412,train,45.29712938,2924.341926,314.1102596,0.105130478,968.0784807,95.14571082
413,train,39.28899301,1253.839942,60.10006787,0.250650048,591.7535271,96.3201129
414,train,37.78863039,2620.8056,359.1606705,0.162754458,449.3594435,85.68003984
415,train,17.8844456,1472.368277,72.3567205,0.166136027,823.7403077,63.18232077
416,train,49.89423818,1152.529837,433.9394143,0.215417163,886.6081988,57.37119774
417,train,78.02119428,1608.45129,198.9093706,0.169547467,398.3351612,64.03944532
418,train,31.5641546,1495.056038,226.1937602,0.250716213,553.0550936,76.59679294
419,train,7.10657881,1843.834049,343.8296581,0.209977318,907.5629597,99.04539456
420,train,91.27848762,1870.230828,457.3740544,0.288913004,630.3792655,11.93964226
421,train,7.861436194,2296.035853,84.78259714,0.23246801,585.7895825,46.57255289
422,test,16.4062952,1200.299652,376.6776364,0.169617996,711.225365,22.7387564
423,train,77.00030495,2568.483095,97.7219227,0.277029264,709.5394355,65.18524144
424,train,31.2308578,2197.632391,108.4637651,0.206476448,669.6295037,61.40486253
425,train,24.14757555,2128.773463,225.4141786,0.260717447,865.6716536,25.57845104
426,test,43.40060272,1226.626963,184.1798967,0.183336393,625.3986946,54.24776557
427,train,37.50794904,1535.754688,266.3772439,0.257261905,550.1649726,31.10913426
428,train,25.41652968,1796.712329,286.3618146,0.130635041,717.4962117,36.26396967
429,train,19.75991692,2660.786774,93.64911609,0.103305119,454.6740573,33.44571873
430,train,19.08432823,1544.87373,173.7276152,0.194005175,477.08714,95.10752506
431,train,61.83213287,1467.153079,215.6521842,0.177048651,228.810208,52.2052227
432,train,76.18508262,1986.407312,247.2381259,0.167687448,463.7324676,80.22418951
433,train,57.65982954,2787.986448,487.6793194,0.201896029,690.0179625,84.02489116
434,train,31.82805164,2709.969428,181.9942911,0.143688138,210.6411198,95.67855355
435,train,60.04032647,1564.585822,340.1727022,0.176949166,907.2207234,36.69293531
436,train,39.47818979,1943.648845,396.297539,0.200345143,534.9009911,11.39109769
437,train,60.92908478,2972.271639,470.3610558,0.293707126,380.6739862,20.94083628
438,train,35.15087725,2394.688866,69.83739983,0.240093711,328.1037659,30.66604193
439,train,60.28874647,1660.998806,82.71767642,0.104594136,998.3886205,23.49079312
440,train,70.04234314,2713.514516,311.4973062,0.238393107,852.1282423,16.0059824
441,train,15.97322186,1280.492307,240.0235286,0.295065678,504.8491151,61.95796577
442,train,26.02983958,1284.454597,406.4262132,0.284330826,614.4575025,14.36296724
443,train,58.34402326,1863.846211,287.8136265,0.197603003,725.7629982,60.19060433
444,train,61.69580797,1544.220991,469.8965975,0.193993309,559.3413378,34.52201602
445,train,18.24356697,2603.357998,236.8155105,0.299511977,935.7117858,44.49063862
446,train,14.94099198,2354.420124,482.4438504,0.270457039,442.6413363,53.84696905
447,train,14.4732464,1968.346829,72.34262017,0.292408486,600.4105692,25.09654042
448,train,2.712570954,2143.666359,497.0728665,0.132536829,455.3022996,14.61396604
449,train,3.329546193,2796.871154,411.5538742,0.201050263,539.3778451,55.67737077
450,train,40.36900668,2059.411527,468.6171414,0.232830629,403.5962374,44.09757348
451,train,71.48650283,1281.886989,428.1056209,0.29219563,255.53671,79.97692309
452,train,66.3381634,1956.55196,275.7832152,0.215809388,442.6538542,30.63562949
453,test,84.58028915,1084.797265,90.4833886,0.264573457,942.1928449,92.48054578
454,test,74.36695853,1247.603568,72.22143465,0.289510609,226.915283,63.55130581
455,train,53.05132868,2301.778842,231.5275479,0.1274649,384.0943677,66.05539235
456,train,33.63428338,1740.499255,249.5845329,0.172987168,308.9463352,47.90920749
457,train,57.2825273,2123.36239,133.6275513,0.129637372,396.7692913,85.52176558
458,train,14.25238147,2472.020785,251.8542233,0.111203946,512.431749,73.34588208
459,train,14.85075548,2294.116589,100.9724241,0.148186869,961.490771,29.91481832
460,train,11.68939925,1170.387309,78.58017889,0.137623124,415.9294417,65.26985986
461,train,97.16808942,2067.532763,456.5546216,0.210179407,942.914585,31.01267094
462,train,65.31397675,2723.39643,467.6530646,0.18827967,519.2481773,36.86219769
463,train,65.42326334,1614.920898,384.3143109,0.147458509,879.8943256,60.53534967
464,train,54.3574586,2282.620499,382.6561672,0.115633786,216.6214671,90.50946353
465,test,73.50532164,2343.876471,328.4914107,0.144471131,838.1742753,48.94138922
466,test,40.49828432,1783.990054,411.9046983,0.223137746,904.5902548,33.87111796
467,test,1.840407297,2256.008705,128.2566712,0.185508742,985.3776955,48.40711187
468,train,78.44666001,2480.77558,83.08707554,0.136342143,498.0801368,55.60691652
469,train,21.06092649,1407.354616,54.94458308,0.187068186,693.7006412,87.61273329
470,train,69.39988187,2586.939936,168.0748627,0.122309753,575.7754518,83.20973087
471,test,44.86329126,1279.220064,342.7768208,0.195556138,744.9810897,34.62787491
472,test,27.22856936,1080.018471,419.6921362,0.224545637,252.488354,84.4669749
473,test,22.91826153,1497.51936,350.5964323,0.276348812,272.1415767,35.24796325
474,train,28.94773198,1472.267362,231.8464302,0.222022043,647.9440883,40.62168017
475,train,5.060621145,2472.204663,425.8616022,0.218770286,463.1200863,78.64259431
476,train,76.31354585,1086.115345,491.4746405,0.209421524,335.0491155,55.18047906
477,train,83.76748993,1753.351249,257.9614658,0.122294973,880.7850443,12.95779083
478,train,9.094386436,1109.292949,232.9413714,0.296526675,417.4235483,83.12959012
479,train,10.73597916,1147.291295,288.1454759,0.248080039,859.6157401,55.44456812
480,train,79.8140977,1278.641627,260.1508,0.119869554,721.0858665,83.10518594
481,train,92.79014485,2062.93689,136.6437422,0.234398067,780.5370711,86.53934028
482,test,68.551538,1444.241645,223.1282964,0.271932902,204.6439766,31.36165577
483,train,78.05790114,1223.789409,79.81765556,0.159172674,689.6697983,96.86133506
484,test,64.62799859,1600.462398,296.1923253,0.221454851,932.1607165,19.56657391
485,test,48.5705335,1977.68988,260.1915423,0.129543707,361.658104,82.13248816
486,train,14.22827357,1601.026005,192.1767506,0.26139139,634.0000892,32.46734935
487,test,76.4661548,2806.903509,243.3661931,0.23863542,895.4901494,89.52921857
488,train,30.20819319,1013.911588,351.3089244,0.293720853,828.7508042,92.86943598
489,test,69.93265033,1826.003858,211.2469574,0.266594251,277.0820823,75.21738396
490,train,10.77950552,1445.324066,463.4981154,0.222865766,653.3434306,99.59311203
491,test,72.31647495,1372.920201,178.9205524,0.162621853,844.1483925,86.82988985
492,train,23.98137025,1743.986269,392.1432468,0.123857445,508.4258614,42.32941675
493,test,52.42375962,2874.543515,428.421199,0.146077317,811.2549114,77.3109013
494,train,89.52858484,1513.818874,472.1119947,0.136237375,567.6720546,19.04569096
495,train,52.31863683,2369.801602,391.2305093,0.274792774,874.5706225,64.59363303
496,train,93.56263974,2432.978776,381.3526434,0.217341106,669.0298483,70.24550825
497,train,92.05670476,1171.133351,407.1787073,0.246800356,621.937191,48.93657726
498,train,68.85105764,1287.211461,263.2337185,0.146606509,800.059966,48.34337472
499,test,17.36773301,2209.884663,327.4620942,0.158319516,999.9516878,29.09806569
500,train,65.59426495,2810.953782,256.4093501,0.16180542,946.3145316,84.37662721
501,train,81.2641361,2349.219914,385.075625,0.228034312,232.6164969,34.93182534
502,train,93.2842281,1987.049727,61.66139569,0.222835052,203.5834207,11.03714343
503,train,13.38344683,1789.989846,265.6716513,0.103327505,280.6912535,77.8857382
504,train,73.7075137,2392.377802,194.7665684,0.28071696,894.3085332,55.36638731
505,train,83.34799601,1866.580934,67.55986181,0.130661114,528.0630426,22.83864847
506,train,92.46459515,1865.012012,295.107224,0.148278525,595.6464023,23.73171213
507,train,37.65583467,2483.830299,413.6283482,0.200496074,506.252861,42.82937109
508,train,66.39376291,2497.796955,73.7551624,0.253160105,548.6808032,48.94082916
509,test,35.97888765,2991.446858,340.9715799,0.173473571,318.3060058,19.57362377
510,train,98.50029114,1843.819294,426.076637,0.141260601,956.5444119,63.83037127
511,test,95.58031588,1681.696061,452.3126989,0.196326159,529.7691587,20.18430073
512,train,44.17159648,1605.618235,274.7577011,0.216675425,818.1167324,37.17165971
513,train,94.33372654,2206.760814,131.3917336,0.171556742,893.6583221,58.64669555
514,train,10.5387722,2724.213947,424.023854,0.250539626,369.1280643,79.15248666
515,train,38.75638394,2589.979705,308.0815895,0.10038035,634.8541635,92.29048222
516,train,72.09101945,1421.370564,379.3759314,0.142862639,574.5314168,44.51854738
517,train,8.86875805,2532.278356,95.43857851,0.101897604,609.8960602,46.83159547
518,test,55.79014414,2644.467998,138.274827,0.173880654,993.2059522,46.45267082
519,train,76.65034584,2180.326285,414.3933346,0.167419615,228.2770259,72.80526528
520,train,2.228498343,2289.739511,386.1432581,0.138877668,663.100335,80.30429978
521,train,61.60917234,1845.73048,127.911832,0.13102576,941.4465603,90.67969678
522,train,24.44339605,2385.066212,218.0558303,0.111153611,725.2470336,29.20606487
523,train,81.47951048,1103.329618,369.3813662,0.156511012,621.7265833,87.12023135
524,train,36.2054473,2988.408952,182.4038337,0.229724832,295.9327875,17.29450159
525,train,58.6415133,1615.809362,459.3439497,0.296114188,365.8278119,22.95016371
526,train,93.9384671,1190.567993,252.1712332,0.148034237,230.4941576,19.42741922
527,train,84.35102151,2726.216993,58.81725146,0.251392636,570.5067216,94.36943759
528,train,93.42638529,2324.363168,293.5546671,0.299539971,700.0602477,64.44872727
529,train,98.67887006,2463.214834,379.9386187,0.165657475,483.2581156,11.17837076
530,test,14.79262161,1282.717295,261.7179646,0.276509126,388.3713984,54.63830735
531,test,37.29142074,2358.961283,467.932362,0.285127078,256.755227,18.65912063
532,train,25.91734103,1254.872333,405.8248004,0.159494537,461.9268849,18.77333519
533,train,10.90085293,1973.74331,461.4541209,0.202172952,350.2636756,78.31524262
534,train,31.2068935,2043.908337,207.2053492,0.223796371,781.2352031,21.50518184
535,train,29.45613326,1455.96748,196.5759194,0.170452259,996.821124,90.91783926
536,train,50.41487748,1127.357321,414.6573392,0.275869815,324.8483582,25.9831226
537,train,81.11160571,2824.946161,113.8286267,0.109876329,237.5216953,59.01402902
538,train,62.34477168,1751.00133,480.7680455,0.11360833,978.7346507,83.22009336
539,train,93.62124205,1259.239596,490.7804448,0.256066024,453.3940918,56.88787107
540,train,98.19783317,1745.353905,420.2958191,0.202295091,367.5344396,21.97029529
541,test,29.52570032,1230.684927,175.9746843,0.29794169,518.2436983,97.12393044
542,test,27.12391366,1521.925618,357.8620424,0.172516158,263.9280781,74.59119441
543,train,83.35883498,2050.626891,89.75617313,0.263279176,218.1416973,51.72468065
544,test,56.03628501,2291.396282,330.4897339,0.247263699,237.2547068,30.20614519
545,train,77.32599244,2040.812821,123.0854013,0.253256845,647.3471514,36.12000475
546,train,24.51253017,2068.871093,241.3624581,0.16335898,596.0324967,17.14734072
547,train,18.68922293,1931.764842,87.40767794,0.283679489,746.7476167,22.10172321
548,train,71.48265128,2972.551077,479.6746863,0.136825654,993.753451,99.36420298
549,train,4.413539319,1807.022683,51.58526674,0.229044671,217.6148625,77.76636211
550,train,11.99672233,2081.775175,58.15811861,0.169324525,830.4996809,15.54081672
551,train,33.53188892,2184.997903,362.0464238,0.125778728,212.0099537,17.28393284
552,train,63.22725077,2712.215205,465.322172,0.154497679,675.6114323,56.93258833
553,train,69.01875862,2927.106512,299.9460359,0.236884622,513.5801264,82.5132946
554,train,34.65564834,1735.563162,356.5054193,0.207990037,840.411258,93.18466077
555,train,42.53101154,2502.351355,263.7413095,0.229194858,627.2664349,91.85519673
556,train,32.33993376,2169.279365,383.7254435,0.149372406,612.0944947,68.55722287
557,train,11.33086834,2817.01802,119.1880201,0.122875037,456.503625,76.50337637
558,test,73.90134816,1341.299724,404.644418,0.170120402,609.6403123,61.56416601
559,train,51.2361367,2707.011385,219.0491118,0.298043055,534.446291,84.24591559
560,train,79.12951998,1728.857752,70.80616946,0.138977831,309.4516987,26.27006732
561,train,81.41156708,1737.913771,378.5903685,0.269298123,825.6902177,55.43990971
562,train,86.64179333,1728.534533,308.0315983,0.144823535,282.3631523,85.65710025
563,train,49.53280278,2689.994662,343.9008231,0.124718264,206.7600546,98.63163403
564,train,81.89855682,2422.404735,432.5556441,0.261550088,510.5210985,43.89012514
565,train,5.089681432,2960.102427,314.5348188,0.277463003,219.8236419,94.11658046
566,train,22.48290288,2823.640872,159.1507304,0.282727682,919.5105262,76.04042698
567,train,73.80931101,2033.075584,369.8952004,0.1066485,636.0061862,33.86161032
568,train,46.49400453,1548.678185,446.1994103,0.273789475,630.0631795,67.59945971
569,test,34.91883559,1964.415889,326.67415,0.295535737,868.4720615,64.75801314
570,train,68.55364488,2901.806405,419.9935521,0.177970376,721.6360189,65.59925443
571,train,98.85040364,1573.044107,385.4149619,0.188611464,825.1286722,17.18850682
572,test,42.2872547,2849.125176,345.9232223,0.215253819,941.3324278,34.64099211
573,train,57.08900948,1128.191936,209.7643049,0.152398444,511.0655391,82.67162987
574,train,50.87022549,1085.812266,262.2231253,0.236100517,345.1125672,21.91879449
575,train,51.09760118,1454.031563,344.070539,0.220157929,826.0275041,55.60077989
576,train,53.64143452,1728.238978,83.56143142,0.236112054,877.1290995,75.59038297
577,train,83.26512265,1144.423431,474.9785501,0.146004246,912.6609489,87.36596334
578,train,26.07918884,2113.593786,272.7016498,0.184843583,237.9280834,33.90294681
579,train,45.82846645,2827.240606,166.0154926,0.208757408,786.7225044,93.26872156
580,train,60.49271875,2255.298262,388.042255,0.173813767,957.4296004,64.78216526
581,train,87.58943292,2313.367437,150.2042848,0.127781407,831.5369566,86.98962475
582,train,19.38742052,2939.828394,163.6302136,0.26631983,934.5343505,55.64597921
583,train,28.64353606,2682.199211,165.5413767,0.274071731,948.9506814,48.62019551
584,train,84.73401747,1088.308163,479.9514023,0.151909165,660.2875404,45.59043641
585,train,46.08945186,1991.656948,497.3894923,0.226996383,627.827404,91.38643701
586,test,81.82288951,1734.816326,185.1734921,0.215613472,876.269044,37.07717339
587,test,75.45077495,2573.114121,167.7945521,0.219423528,645.8924623,97.66553185
588,train,55.67109266,1072.948149,322.0052365,0.296477503,974.8120747,21.99883067
589,train,5.569417642,2625.119817,99.37163053,0.204968092,486.6869613,26.30539684
590,test,84.96226339,2142.72499,479.4889312,0.143785774,634.3658771,32.32651955
591,test,69.14075776,1899.041215,423.0719855,0.14863641,346.9754745,20.29811205
592,train,11.92669521,2971.128128,340.7560732,0.224317691,614.6949795,80.62367831
593,train,64.89653007,1156.692201,107.223271,0.153564983,980.7789142,82.90215843
594,test,63.02812953,1729.835671,138.550256,0.264041773,784.04408,53.6493214
595,test,86.905851,2209.1254,188.2706008,0.260564318,606.4009407,29.45506815
596,train,26.21850006,2406.516441,367.1201637,0.119471235,882.3545419,16.57526138
597,test,95.15892108,1172.69263,153.4529844,0.238732476,703.3693167,29.73030277
598,train,89.35911131,1326.346244,218.51341,0.238736721,203.3023616,52.95507683
599,train,34.66227216,2253.967191,132.6827293,0.17909868,974.6775986,60.65348121
600,train,92.44408712,1944.865302,233.9214132,0.200120805,937.5879097,96.34218922
601,train,56.73644541,2250.393023,326.6391469,0.143503546,228.9153407,53.37698853
602,test,22.13402314,2968.107489,311.1018478,0.231884848,765.0110647,55.23474741
603,train,56.09432123,2902.489184,267.5744232,0.145709652,272.379208,85.58473608
604,train,11.05733755,2507.828167,203.7086155,0.121678561,930.9808909,94.94371807
605,train,12.21149563,1986.357647,85.59370978,0.250921242,343.149595,93.60647956
606,train,21.25905092,2206.884336,429.3968348,0.112389121,231.3975726,85.64356277
607,train,43.36534329,1395.958236,152.3834298,0.250375494,473.0368885,55.57688932
608,train,64.12716448,2064.323644,269.8449013,0.293261638,646.4754621,25.91646807
609,train,32.22135581,2375.3338,76.37219988,0.23836045,218.0394692,91.82314955
610,train,13.89361827,2443.701737,306.7026318,0.228177651,264.8782089,94.370766
611,train,51.17559687,1425.689051,205.248257,0.201137992,909.5887216,54.53835016
612,train,80.50518113,1366.919723,245.7247961,0.127025005,786.0984823,56.07341206
613,train,24.01671974,2569.338012,226.4638929,0.228664893,626.5133498,95.7370818
614,test,17.11416572,2887.878415,294.1833346,0.25512856,545.5799177,31.72636823
615,train,51.68185746,1598.883934,369.5138404,0.20774667,787.5461951,60.78326095
616,train,18.59312351,2703.536256,442.9997616,0.108404334,976.8431744,24.68453841
617,train,89.90343657,1422.802869,307.2356623,0.148174862,731.9515257,58.23807917
618,train,89.95636357,1805.387415,434.5038545,0.255860519,758.8524615,43.16265476
619,train,15.95598403,1184.783019,425.7530279,0.204689578,889.8132404,83.25274568
620,train,91.16118198,2619.77239,128.1687484,0.102972852,736.4939683,29.28049918
621,train,76.45771802,1451.195836,261.167674,0.103085363,371.9102671,47.53404142
622,train,13.41861771,2468.943047,257.7582815,0.18017528,572.4150066,33.83174477
623,train,30.90766772,2161.9282,339.1600433,0.219474182,854.1913434,58.44138578
624,test,54.20207437,1105.578398,114.9613255,0.212802504,619.1050405,28.50820808
625,train,75.02657789,1549.201296,220.8001464,0.287981142,416.3435338,53.17446914
626,train,33.87621564,1106.313274,204.7741214,0.224807942,433.6391681,10.85643939
627,train,36.15210177,1299.111605,448.4455721,0.214679076,446.5187162,24.07945187
628,train,34.06883766,2856.32708,91.41134076,0.166953206,633.0462008,63.92838595
629,train,36.86674549,2879.269834,349.5591482,0.18036239,825.5154659,86.36840361
630,train,39.30122991,2178.46121,169.9901751,0.25478287,638.8163132,84.33413837
631,train,77.22560461,1174.582744,231.890069,0.249567096,353.7470635,46.49574792
632,test,12.48613795,1847.295392,335.783892,0.255985291,835.9627178,85.50763331
633,train,36.63098545,1597.368716,155.5858332,0.176894677,407.8217838,87.07117111
634,train,89.46269354,1507.602317,185.3256948,0.172590841,596.0465629,29.45332187
635,train,41.54692686,2027.916737,72.9247975,0.123031746,439.6124385,30.84247429
636,train,21.72513588,1120.990141,50.62246434,0.177580417,973.8110664,64.08925966
637,train,92.08276782,2410.152483,319.7835166,0.246888242,748.2768721,37.79929193
638,train,62.28384529,1887.808774,276.3743698,0.267304467,424.7477884,53.60902408
639,train,73.02598756,1490.159661,232.0042414,0.160566841,397.2771673,65.25891558
640,train,12.092348,2106.790603,359.250099,0.123753728,453.1209257,55.85034734
641,train,7.275698212,2202.785491,173.1358009,0.234405154,884.0850218,55.98410513
642,train,24.47307925,1588.489951,324.5334712,0.166657381,452.7495908,16.82202632
643,test,41.94322557,1170.85515,68.91777794,0.134621004,454.6005652,19.47456075
644,test,10.45784307,2701.072059,387.8862183,0.259047246,940.761056,14.54460932
645,train,91.71219156,2660.588345,390.7184785,0.245891413,352.86192,37.45131695
646,train,82.14317205,2577.00197,232.8601387,0.22729042,762.0841313,36.81008569
647,train,97.40280291,2514.691711,306.8169639,0.101585909,585.7085417,40.54029639
648,train,5.435525947,1907.597498,83.16935539,0.130310275,553.0155904,71.96907076
649,train,38.9812413,2581.181465,428.9779408,0.110864777,385.8853132,55.33119021
650,test,19.03794757,2375.298318,148.9444539,0.19093888,825.216763,41.60073439
651,train,93.21037581,2973.795064,181.5194152,0.224603401,936.938678,11.05588324
652,train,96.23406162,2429.644191,497.5827758,0.144379339,289.2417276,38.02386531
653,test,18.47486903,2279.07117,176.7310522,0.293910733,751.4485512,63.22206852
654,train,14.22274465,1131.934997,396.7319902,0.184813481,746.3627884,82.09422479
655,train,30.36969403,2715.434721,224.9702965,0.143226421,956.3435937,59.54963923
656,train,24.23991563,2239.438923,162.3694803,0.135691163,286.7324736,55.47759134
657,test,5.653642998,2721.948617,212.2458146,0.293431264,811.8258378,17.33951321
658,train,40.94569653,1652.251095,317.7346562,0.100607281,206.2855379,96.2880368
659,test,52.63157789,2748.854949,51.40859739,0.217958016,919.8008479,51.94079681
660,train,91.85885331,1684.970062,114.3205248,0.242758685,644.8903139,61.78512956
661,train,65.89764856,2094.213287,135.5540033,0.148713617,340.1208102,54.32126815
662,train,72.47502853,1445.458367,158.176427,0.193181602,407.299072,21.22529108
663,train,97.38863106,1674.253675,239.6495296,0.226889044,959.6276207,82.87034647
664,train,64.96910669,2093.483322,428.8110735,0.125038567,467.9394271,39.11422747
665,train,64.62336166,1274.368254,92.11618726,0.280199439,214.015251,47.93122484
666,train,30.86585073,1337.623926,297.7800132,0.103857188,501.9482901,75.34379102
667,train,27.03145022,2227.845158,352.3832733,0.163873964,771.1689793,17.66678992
668,train,76.34999423,2109.191651,292.329863,0.295198246,729.4517147,58.1442077
669,train,16.86721473,1334.329581,128.9532361,0.179615829,327.8511375,29.32363762
670,train,29.4387611,2723.519448,145.5543578,0.27043555,966.9045729,40.47260325
671,train,22.23538445,2650.6672,103.5409059,0.186478098,586.1556167,49.54084809
672,train,97.69020478,2066.999759,482.1283364,0.16607693,469.4690312,77.29975724
673,train,99.20084341,2284.949271,233.3637854,0.298023848,889.4381406,68.35694607
674,train,74.47762344,1007.976635,70.99960347,0.281481117,273.9648398,41.38587451
675,train,30.62572703,1323.779209,410.2937156,0.277905645,867.4651013,50.93706084
676,test,37.71778895,2719.233409,358.1011574,0.260471696,260.1028008,10.35087019
677,train,51.73421378,2093.338785,439.9960534,0.299784877,473.8079814,62.0959977
678,train,59.87789178,1877.390131,256.6885043,0.151944983,983.9431559,11.5054473
679,train,5.306904127,2303.413381,296.8435363,0.20143421,815.9372254,88.83594976
680,test,57.96384864,2608.940231,228.7446967,0.286984905,728.4098377,72.13007352
681,test,75.17269768,2350.123787,452.7690895,0.233725449,886.4759611,61.82880464
682,train,87.90366989,1224.916596,407.4519667,0.238967629,674.8845876,78.90926861
683,train,81.43724997,1472.05023,316.6949194,0.226711223,382.1756016,16.18870843
684,train,25.89977816,2988.810697,454.6988235,0.208412949,360.0020286,29.18385073
685,test,14.23828954,1128.833679,156.8884159,0.296041513,600.5501465,36.32086497
686,train,72.9229331,1465.615779,311.8299544,0.125963211,550.7918255,46.97423586
687,train,61.18756788,1064.892027,332.9029693,0.113630852,643.1837258,13.16437087
688,train,22.47711651,1576.713933,428.3086861,0.112539028,440.7247077,74.77123812
689,test,86.3274995,1604.278989,469.2691156,0.151696847,649.4204549,68.82416811
690,train,72.69106829,1830.139515,366.4722408,0.101738528,704.1894553,38.40278966
691,train,91.24001888,1522.20877,245.9714601,0.160563891,926.1835018,89.07237543
692,train,28.08060879,1571.350571,64.5703861,0.2317109,427.045826,93.57224377
693,test,16.68442063,2421.278196,326.1118145,0.138790465,695.1436745,50.96032477
694,train,65.00778349,2772.139803,204.0287074,0.234512576,564.1064123,92.61361175
695,train,30.18479867,1984.564172,138.6333041,0.151190327,930.4796806,18.29398125
696,train,90.10439467,1411.433665,343.2168023,0.290953666,771.6160461,48.18140571
697,train,23.962245,2669.95573,386.2733769,0.150531947,474.8337868,61.88874576
698,train,55.7413219,2467.150972,412.6221094,0.21093485,528.2613431,55.36593117
699,train,9.519561295,1828.947195,336.2164701,0.275087908,639.9060469,48.34527384
700,train,30.13108702,1169.818916,275.7214553,0.125614612,331.1300883,72.27613527
701,test,68.39996863,1796.016637,160.628785,0.191113383,721.2006123,32.31822206
702,train,60.04200086,1974.874571,403.7711316,0.274064532,262.3058877,67.13426658
703,train,92.38626919,1213.534504,383.6894661,0.120798097,365.8601323,29.3567253
704,train,57.76972497,1326.836522,206.9417928,0.255361782,689.6412065,29.57965445
705,test,66.65878163,1752.04301,360.8714687,0.23268929,772.3968379,79.21010921
706,test,23.98012709,2341.782492,226.3278616,0.267668476,298.965863,42.56253392
707,test,44.23783632,1836.063288,389.6278415,0.14382287,655.0756501,39.50586543
708,train,5.459052718,1560.08299,336.0201312,0.259927009,453.659214,20.2025974
709,test,50.89036577,2216.17501,56.62858873,0.266848489,308.4247459,88.12123737
710,train,33.47668247,2129.502573,228.6515076,0.213989024,425.8647111,97.72954135
711,train,83.18099117,1851.170731,447.7409495,0.271665435,618.8485542,71.84426198
712,train,51.90572812,1188.13763,71.71640615,0.284746464,298.4193866,30.97062159
713,test,65.02253844,1060.453919,160.6467951,0.116762936,917.3726616,39.62264507
714,train,13.37377462,1056.630839,303.5443459,0.234449016,461.9372544,88.05191846
715,test,3.343882838,2362.114766,109.5075185,0.139709479,853.130567,55.85678939
716,train,39.04941006,1648.376308,358.416065,0.295706672,895.9489366,50.5337126
717,train,53.06658802,1672.671273,289.4988015,0.17672437,445.1648902,79.05661984
718,test,54.05425386,1928.652263,333.3780965,0.25958008,587.3350296,96.44161627
719,train,67.91846624,1051.113041,350.6601899,0.210347244,980.6127936,66.37359006
720,train,15.66870419,2111.096273,398.2832878,0.295830198,377.821088,85.82291971
721,train,76.46124539,1217.455447,248.1875783,0.184531375,618.2399238,61.88798705
722,train,54.72120368,1089.366015,202.7079813,0.127515008,627.2904366,76.13922038
723,train,92.90731187,2743.733282,288.7119355,0.160588633,265.7766176,79.38061014
724,train,4.024572967,1914.718379,87.51015204,0.209558249,919.6118433,20.80869335
725,test,43.78201255,1110.780064,276.4686377,0.170865969,606.3572876,80.7932013
726,train,31.56274886,2708.528868,143.5837386,0.195254894,905.4328184,30.82595481
727,train,20.29930916,2470.331489,401.6285627,0.109260135,908.0134782,73.6051629
728,train,16.67631083,1200.203692,143.1491588,0.124712253,296.5570414,88.27988796
729,test,99.01780937,2574.413006,94.66754942,0.248072877,387.0042122,82.95503246
730,train,23.37324039,2498.087593,59.98062874,0.102593003,493.8260467,66.28837803
731,train,74.64837181,1952.701861,367.1790809,0.293036632,920.4680706,15.3745541
732,train,37.99203879,1973.160253,414.0780261,0.279501836,869.0998361,44.46637514
733,test,52.94223133,1215.312431,61.48207727,0.251207432,706.6464727,15.45092948
734,train,25.34911094,1068.865947,453.3849121,0.260414379,392.075819,23.51284771
735,train,59.62748025,1580.811978,381.3671157,0.206509194,644.0404094,47.95924112
736,test,98.69199279,1135.580224,289.7550331,0.268457204,308.7221986,98.39938184
737,train,26.97361198,2530.96514,395.2748641,0.288425379,651.1291618,92.61081426
738,train,25.10058503,2222.765881,481.3088238,0.143413377,708.0574571,21.78963193
739,test,37.63418419,1507.099741,499.0607377,0.230595582,590.4561706,35.0399263
740,train,27.05922926,2171.228701,292.1380286,0.21166302,537.6991576,57.17992773
741,train,57.73580522,1344.359786,92.5865795,0.179745878,227.1872589,86.14535278
742,train,9.588280404,2251.82119,52.00143218,0.143352502,271.3006011,75.74386756
743,test,98.67220645,2116.669083,496.8944122,0.278493229,592.8511704,99.18798878
744,train,48.58620832,2314.897562,325.191696,0.298913128,657.5137528,94.41765926
745,train,76.58263047,1456.486581,272.9012634,0.120436561,249.2762832,48.01502029
746,train,97.03944709,2681.731744,309.3650903,0.101348544,752.1226344,76.5772385
747,train,83.18805991,1035.722118,112.1600292,0.289819969,617.4095902,85.37032158
748,train,18.67530279,1357.066851,326.6784049,0.232529893,821.3350436,22.34867816
749,test,91.01852,2999.04826,479.9229507,0.191142784,217.1099736,44.32730285
750,train,85.80664765,1267.163828,194.6293937,0.246768984,552.9224178,68.78255194
751,train,80.76557077,1751.535898,194.3562073,0.253987969,937.4519619,77.72332329
752,train,12.84725718,2817.934024,185.6879827,0.240170435,387.8457001,69.04733135
753,train,87.14989855,2379.845052,219.8345236,0.293096193,931.5577889,73.04771192
754,train,68.47306528,1272.670836,420.5789361,0.166920594,864.2130222,27.56174039
755,train,35.96795918,1468.847053,185.8216524,0.148393417,821.8790983,37.06670729
756,train,55.18653017,1964.653166,219.3144574,0.201401536,993.007317,96.09578989
757,train,96.03456351,2165.335986,232.0216372,0.109406003,933.4846784,38.41424045
758,test,94.48970653,1664.148365,414.3690379,0.104040111,353.3251919,90.87423435
759,train,14.52980208,1098.599899,79.74138302,0.105786248,342.5791781,51.23763539
760,train,32.328056,2940.313322,58.61656018,0.196484006,429.8532659,25.32503386
761,train,53.03392496,2693.267639,301.9041773,0.127082667,902.7048794,46.18507788
762,train,27.549676,1384.23953,350.7255221,0.228282161,665.6230077,32.75778394
763,train,36.56645947,1335.293681,139.980123,0.132241399,228.0153653,29.91836378
764,train,34.93810471,2671.404151,248.3020789,0.139667334,362.6987788,29.2247992
765,train,67.9180587,2904.567335,448.0571359,0.113598419,995.7998235,32.72218457
766,train,32.8205388,1338.327524,286.0915329,0.171378774,640.3608078,56.12021817
767,test,69.06830394,1754.640335,393.4160459,0.296621698,362.3457645,59.9541199
768,train,43.8141741,2847.830578,144.1801113,0.194746117,790.1670427,31.79635841
769,train,2.999941948,2400.778597,168.4295961,0.168948765,596.2010979,46.70229383
770,train,76.56242741,1501.989069,110.3322236,0.166386733,792.2751868,61.99046635
771,train,45.61930523,1344.988654,283.9039143,0.116578805,806.2505587,61.05507926
772,train,72.93602829,2737.712334,193.8007706,0.231724607,935.9525806,50.49921463
773,train,91.59471696,1210.373574,496.6445282,0.243254621,763.475551,31.25988307
774,train,71.52798329,2259.705979,487.3968749,0.211744772,839.8711077,32.77360424
775,test,6.324609428,1251.987121,329.8110397,0.23566728,786.5120406,38.82866975
776,test,78.69169318,1926.752073,60.9118992,0.229061401,655.61173,89.89690974
777,train,49.64081276,1791.139674,485.1828508,0.134091573,572.6008623,88.78219014
778,test,54.84838682,2587.813435,454.9160383,0.127847796,463.9795756,42.20300262
779,test,30.18053719,1683.703882,293.3084707,0.159314171,472.8917084,32.00656923
780,train,87.04801272,1689.858037,67.41549895,0.269063626,352.4813361,78.27435994
781,test,3.280136686,1753.312107,347.4071349,0.191078208,467.8855627,17.60888238
782,test,63.70594301,1427.559796,410.4585821,0.196757425,477.1760286,21.06392509
783,train,42.19576697,1491.226913,393.7958103,0.232693572,521.1334934,86.99785866
784,train,15.5026409,2902.236295,329.4101084,0.192790033,962.1979054,94.5932291
785,train,29.11581437,1112.559776,232.8162134,0.146662681,646.4341567,21.38401884
786,test,19.16013108,1178.423561,235.5195283,0.20673415,384.9968333,80.50489637
787,train,72.94780084,2359.958826,123.8963143,0.131905164,230.35922,73.48049662
788,train,43.38770981,1915.038733,280.8797218,0.173116772,227.5936529,35.25149415
789,train,51.24731674,2468.606098,440.6360524,0.190779538,911.4656435,70.60013075
790,test,45.15935398,2288.742854,132.3941156,0.294668114,214.7408174,40.82160517
791,train,11.48459288,1855.191778,136.7776868,0.119076213,932.3550139,29.00429645
792,train,2.317072504,1052.960874,151.6228414,0.290629438,235.9497272,76.24580802
793,train,60.19876176,1595.369678,397.3669623,0.114619338,284.7219435,86.14254561
794,test,88.36166149,2133.818834,353.7714947,0.157753133,646.4155379,16.52495516
795,train,63.15624157,2833.028714,486.8094518,0.187164196,348.4764406,97.09162756
796,train,6.369195442,2278.171695,334.1127564,0.124310677,952.232847,12.09290248
797,train,66.79513679,2597.845735,206.8545813,0.215714265,929.3629882,34.91871804
798,train,92.41335439,2428.943462,195.1704723,0.143723575,829.145736,56.27760477
799,test,15.33160287,1769.981643,71.25483078,0.114331885,367.6484326,84.45634085
800,train,95.56077513,2723.281626,224.4062608,0.233907409,660.0305191,53.08198767
801,test,63.01201026,1960.839114,297.4655718,0.261431405,897.2247827,14.30473093
802,test,14.21820558,2256.338658,57.47573263,0.221169918,621.067829,99.20317234
803,train,75.80659158,2659.979553,479.9454481,0.256136179,306.2392577,50.47702072
804,train,2.769547766,1921.962815,244.4565683,0.294355921,276.6892573,91.64116512
805,train,58.40349676,1709.823153,149.3950353,0.152180893,743.5493753,16.56009852
806,train,26.16712727,2242.093672,333.2488295,0.15227792,841.7042063,33.68172099
807,train,21.04278397,1135.994245,448.7997032,0.172905344,232.9087803,17.0479005
808,test,40.23109975,1984.438568,206.7881117,0.162304922,697.0508806,33.75843596
809,train,56.08339929,1205.111764,163.9898865,0.167234028,923.6919021,78.33945046
810,test,9.993103258,1144.364071,264.8190877,0.161712039,462.9958293,83.29906766
811,train,11.95720249,2575.015158,141.0465981,0.130794583,971.9515348,20.61289883
812,test,22.14998582,2059.404008,272.125023,0.155053759,584.276294,36.3005938
813,train,58.17139441,2136.194433,235.7623624,0.225011061,812.7479468,82.29295895
814,train,45.12011159,2704.012667,208.4869736,0.25931631,598.3914891,97.0275725
815,train,61.34187757,1938.498251,194.0526984,0.168436525,475.110925,34.45368379
816,train,26.45601159,2415.93797,495.8041329,0.106604462,659.5091645,62.19817775
817,train,70.21262461,1248.652978,497.8946541,0.132105961,675.5575341,77.99098494
818,train,21.90049082,2061.670165,395.992469,0.213435466,447.9242429,38.51826631
819,train,85.15234516,2827.486087,410.5002793,0.149713123,348.5929542,49.20606776
820,train,49.82618229,2842.544342,167.8837331,0.293729711,496.5520524,27.0950184
821,train,5.695361829,1676.930601,379.8500962,0.292832112,904.3436794,14.83768044
822,train,41.64917715,2763.269444,69.01899788,0.138486606,416.6677639,61.27028907
823,train,35.5461284,2089.258385,101.4707345,0.105448026,771.3741713,19.48936415
824,train,37.13083049,1546.819135,381.2140539,0.198565742,906.9321433,86.83637772
825,train,85.06579588,2582.66187,137.3544154,0.216907557,779.5773559,98.06449027
826,train,28.05091283,1157.344603,60.82543182,0.111471496,672.371838,77.89092296
827,train,36.29832473,2882.012463,93.51021753,0.26158124,464.6380643,81.04663489
828,train,80.52775884,1522.885172,494.33294,0.239395928,986.3177708,20.53471295
829,train,93.06251898,1613.116224,453.8271987,0.296540181,493.6175522,35.71423866
830,train,46.53464052,2490.874164,399.6655038,0.179832899,334.0454329,38.17918123
831,train,97.50793046,2631.639657,479.9742272,0.276039495,946.3991477,94.62396915
832,train,16.78283351,1453.646916,147.6706246,0.295304859,836.4435038,20.8043186
833,train,74.88730211,1292.469563,277.2270998,0.266365758,403.9636404,41.89163014
834,train,99.41781703,1817.84175,457.9780979,0.108858534,866.9656857,97.44022171
835,train,43.53402905,1509.871889,155.1909923,0.139684397,779.3120516,94.98516999
836,test,95.23456247,1213.64872,185.3675694,0.151730709,236.668292,33.31644994
837,train,21.88191122,1549.370469,485.5660892,0.201390735,376.5066345,37.28614012
838,test,28.63730983,1911.244654,332.0926481,0.12553556,948.9460532,78.33650996
839,train,89.64956996,2609.278462,323.1697233,0.291145992,535.3320662,36.31859565
840,train,67.30855997,1686.010082,152.6186526,0.233398002,624.5675455,54.11876437
841,train,89.71106932,2497.278224,395.3392399,0.122978015,872.9117917,12.00690972
842,train,9.122730171,2463.517055,333.0304352,0.118928681,295.5292791,11.08070846
843,train,20.5743191,2325.046378,398.5030277,0.287598979,698.5553631,69.62630858
844,train,2.853537023,1566.482992,477.3284525,0.219798618,276.0105038,56.93768433
845,test,82.01666871,1216.802394,302.7363298,0.165230958,752.5317892,94.57857111
846,train,7.432467343,2880.380472,185.6570937,0.283973297,765.078246,17.62344549
847,train,95.43401162,2288.42475,383.6468097,0.118230487,648.3219007,88.7447336
848,test,14.85681258,1642.788195,454.6518689,0.17826069,363.9362497,69.14527313
849,train,34.12214219,1565.132943,400.3248361,0.186159434,850.045092,78.37121756
850,train,75.11340795,1500.750595,431.3952726,0.11725849,406.4684475,87.41731631
851,train,2.962883351,1260.45979,310.527959,0.213481102,759.31095,38.07657592
852,train,77.10404179,2522.663657,476.524095,0.188274362,920.58725,40.93422357
853,train,34.26415428,2344.149219,358.0111305,0.135540941,881.9411377,78.17231976
854,train,23.10255664,2664.74145,182.7584044,0.10092418,632.7171696,21.47738911
855,train,95.80084325,1310.947356,254.6986864,0.299334668,255.2516377,58.65973419
856,train,84.95622802,1839.109571,101.9775714,0.132716326,814.6146722,44.5218522
857,test,14.15201555,1825.084952,131.5035712,0.109755774,813.148181,69.8988833
858,train,71.66405767,1269.334703,465.275514,0.286242762,238.8395007,99.83756781
859,train,24.68462192,1125.386245,481.7460858,0.231386155,518.369314,49.67547869
860,train,84.8098391,2456.599046,233.016759,0.222061856,683.5051859,53.603707
861,train,72.89386566,2542.362342,402.9621039,0.168772307,760.973146,56.01606649
862,train,30.26774035,2104.400055,383.7098306,0.26385542,617.0026201,20.99656108
863,train,99.07365044,2655.044211,239.3318149,0.195278653,406.0286369,12.28371455
864,train,59.54654613,2763.81964,452.5314876,0.226648374,820.6249808,25.94072465
865,train,58.1350171,1406.244176,307.6310821,0.221861072,955.1682489,36.63383994
866,train,20.2667647,1040.32594,177.0049171,0.165616076,457.4989322,68.76094694
867,train,36.30433462,2932.787896,222.000592,0.18431153,848.5321208,65.52766462
868,train,70.92595943,2016.676618,242.7334255,0.212705514,685.1948719,91.28248906
869,train,98.74840455,2842.098921,475.9269629,0.153711182,396.7175588,27.85196158
870,train,5.432602313,1639.611391,475.0996702,0.2695342,836.2264747,12.2326293
871,train,91.18601721,2089.929175,102.9451439,0.265499171,667.4026541,54.25157389
872,train,47.51350912,2848.757707,199.3945061,0.144007609,988.8694612,12.26627689
873,train,29.6455945,1225.584776,88.10597019,0.238078241,776.228953,70.98969804
874,train,26.12109326,2564.694928,264.6721753,0.270672459,292.01252,37.32537159
875,test,42.21986447,1475.529156,426.395523,0.271273255,870.2316152,39.15588118
876,train,64.65817747,1315.117192,148.2699258,0.111615522,318.6091532,74.36524343
877,train,8.58703367,2556.98392,434.5081256,0.174701158,541.2183213,58.33015441
878,train,29.35704673,1490.331948,88.00240276,0.146317897,881.2941979,42.01554865
879,test,84.09705473,2424.864587,251.9937745,0.136779518,866.797466,56.40238642
880,train,86.29082104,1213.398573,252.6877944,0.274264479,281.4442441,81.22334846
881,train,60.13762729,2450.049358,387.0378616,0.171101175,531.5514642,87.39522465
882,train,45.75082163,2961.745201,65.97963172,0.113748526,590.5359175,63.95615108
883,train,40.24353325,1339.556522,283.7037846,0.238136129,644.8608366,68.74971777
884,train,94.70062572,2633.910841,260.3755223,0.294449109,356.0349172,53.07999602
885,test,35.90120312,2426.889674,95.93905438,0.197774712,711.3792911,50.75190362
886,test,90.12622989,1280.958914,405.0596634,0.231852983,941.1187354,18.37323167
887,train,24.48138303,2771.244587,334.2690489,0.140495229,436.0077948,28.91614493
888,test,92.11078053,2484.17024,274.7450988,0.289868618,259.320823,88.59847634
889,test,66.80093806,2880.483468,343.6773629,0.158619506,696.2086694,10.30928087
890,train,26.08655102,1751.459419,499.1358758,0.124007335,663.6154002,36.85087419
891,train,39.16791786,1023.657162,261.8184936,0.107384469,697.2321958,78.31596186
892,train,31.88376199,1736.229248,324.4362836,0.171559882,900.4590444,58.78305246
893,test,26.83419797,1652.037275,458.8203378,0.217731288,242.2759248,98.38473354
894,train,92.69597431,2450.892079,270.7004813,0.133588486,842.5688947,59.13751444
895,train,98.06301712,2670.377848,475.9146021,0.262975791,803.1441427,15.45118293
896,train,60.45553882,1434.568276,488.6708084,0.223246573,785.9732816,94.12574908
897,train,62.41471344,1881.19666,455.9194351,0.179801873,722.5336222,35.1295616
898,test,48.71066318,2708.578407,351.7557832,0.231636525,965.150675,98.30627553
899,train,18.88460087,2050.643474,184.4031882,0.122703538,997.7052759,53.49285057
900,train,73.77068708,1991.715837,421.7242766,0.133027009,851.431553,55.52169526
901,train,57.33950771,2849.752964,190.8203333,0.147470457,520.8430432,89.85674586
902,train,53.51316931,2126.516677,418.4475395,0.162136441,473.649869,49.81267486
903,train,89.63106637,2567.620088,497.8024186,0.227671867,572.556817,77.15144621
904,train,33.68742866,2558.833982,443.7741072,0.161513369,877.9593272,87.64338554
905,test,53.05330852,1228.638487,52.9142046,0.277614332,607.0738564,70.21356458
906,test,99.01957908,1247.327658,109.3941062,0.187143555,796.1399062,44.70778452
907,test,13.76870988,1962.390147,285.4584954,0.130561852,401.6663497,36.72931359
908,train,31.35022331,1721.444377,86.49729213,0.285319083,480.0526214,47.43097018
909,train,33.61772554,1921.238017,465.0376918,0.158030372,525.5675329,31.64168962
910,train,52.40829362,1056.986325,226.8629111,0.287979802,886.5247525,86.85694377
911,train,7.793164479,1772.388927,69.64967313,0.141342785,838.4890976,93.63056085
912,train,79.54338694,1695.187267,439.7264709,0.196268783,752.360289,67.97104796
913,test,64.203021,1533.287479,148.0973687,0.278738001,645.7234771,30.91743453
914,train,99.25510501,2117.497586,63.57735156,0.226974791,969.3358572,75.30750963
915,train,37.45613602,1440.790257,367.910605,0.138980454,859.8819952,68.44031319
916,train,65.47216061,2787.433764,247.0723056,0.243723192,249.6718535,59.50736859
917,test,69.10700334,1158.353576,177.1972017,0.256324016,417.8009334,99.95629453
918,train,12.89650135,2778.450847,87.00552192,0.293831189,437.658005,79.35622781
919,train,78.14710875,1974.486185,232.7479812,0.266575851,549.9225102,50.3450494
920,train,72.2680221,2980.026009,106.4210039,0.157451805,952.2957916,85.84342286
921,train,31.14680485,2773.698037,343.6062232,0.221079515,774.0422831,60.94369884
922,train,61.54401515,2234.985222,301.1653072,0.243080241,812.0938408,89.63294561
923,train,14.92484675,1111.754674,366.4598851,0.261158873,664.9270293,64.84935553
924,train,10.04769345,2707.039032,336.3345917,0.213325882,423.904198,83.89307383
925,train,22.04887934,1608.098583,302.8679569,0.251250648,576.0461196,16.03409106
926,train,15.57951003,2031.246245,289.5694858,0.101718966,281.1931285,68.72772869
927,train,71.16769593,2890.74922,75.07384533,0.204454058,896.1485928,40.62374726
928,train,52.808749,2379.011715,68.25206303,0.237699112,877.582627,17.48262309
929,test,85.67559135,2414.55567,198.6693995,0.125044474,622.9472921,67.76589162
930,test,57.90580196,2451.772808,405.4941721,0.103528361,304.1427146,75.50403356
931,train,74.4861062,2470.073672,132.3396459,0.186398668,854.5235448,88.02896217
932,test,28.05795432,1262.596402,162.4910425,0.178348612,445.789278,46.63594621
933,train,73.35262124,2438.365286,382.51084,0.203036628,385.3021903,72.60370834
934,train,63.56429563,1001.361112,66.94749586,0.248039884,979.9832672,17.422741
935,train,57.30070123,2432.964966,486.2896361,0.128462652,418.2441377,88.02274946
936,train,65.82097376,2724.019493,124.3535408,0.220345775,448.8158683,42.1185078
937,train,14.76028702,2169.514077,497.0248511,0.13699308,616.1921447,10.48501504
938,test,51.2980379,1348.724556,79.50774195,0.289235307,867.3966332,95.13116756
939,train,76.62470691,1992.191704,94.22900728,0.274423098,712.4571101,63.72468978
940,train,21.482876,2938.909519,55.40299375,0.237442098,405.4114967,21.45522101
941,test,89.76576978,2819.2962,85.13301038,0.102204166,481.9123191,79.34537134
942,train,47.40192236,2663.921029,495.3006784,0.263958657,988.3734048,69.37385273
943,train,5.925601131,2928.694069,111.5509349,0.111560612,387.4563734,16.51996025
944,train,1.744745673,1735.354981,88.4191295,0.28487331,301.7779255,40.58162125
945,train,74.78841774,2972.239476,419.4814835,0.184848719,393.3450794,21.8173474
946,train,7.885207297,2488.028271,254.6287591,0.239546393,359.0619486,27.6585497
947,train,1.117770296,2623.487259,143.6902292,0.174930422,788.9788346,45.21672025
948,train,57.87182802,1985.084718,494.9104247,0.265456675,807.1275003,31.61048229
949,train,64.39764786,2096.042392,252.0499333,0.287678686,362.6256607,35.09206998
950,train,83.74985828,1886.409789,381.683969,0.245706957,846.3043014,96.18912673
951,test,10.60229272,1065.496932,422.5910631,0.251167848,852.7725481,48.60164474
952,train,59.94493705,2885.682961,136.479044,0.258612115,806.9239654,23.01356453
953,train,11.6993249,1369.966505,182.2802626,0.260451445,796.7266623,25.55911994
954,test,64.17822765,2629.480135,351.8641098,0.121938042,236.8130289,80.76316302
955,train,8.510746231,2560.005664,161.2732477,0.265491972,928.7146755,45.61754909
956,test,56.83212001,2318.936476,191.0259192,0.203652066,316.472498,74.79282609
957,train,85.73790211,1980.296631,158.124,0.161237226,585.900291,41.53526006
958,train,87.43591248,1280.187227,252.8287084,0.140739758,994.887979,38.36806015
959,train,56.82178183,2090.035522,490.3674941,0.170632871,626.2961627,65.76676728
960,test,37.71015639,1842.980538,182.353115,0.199936531,511.8760099,41.73725195
961,train,89.75117984,1197.791056,220.9243479,0.280491705,366.318303,40.5331409
962,test,57.20342205,1309.039477,465.3251573,0.236806244,956.8562807,36.0374749
963,train,53.30547717,1732.583107,99.49422668,0.102247951,842.6413307,70.70350773
964,train,25.79171446,1776.51623,229.5019648,0.174212492,401.0335227,25.3362446
965,train,89.98887129,2527.505366,138.3677105,0.163973074,896.8659309,66.07795071
966,test,1.310208659,2739.096289,125.5947185,0.282081863,558.2796332,95.0537881
967,test,12.28604491,2306.569666,363.7086087,0.193774787,982.9917298,57.85537734
968,train,88.28287884,2761.399707,286.0412998,0.238168472,806.6619578,62.29173089
969,train,10.50387038,2234.224811,379.421642,0.105504644,522.1830877,31.70772374
970,train,34.41723927,1468.185626,238.0607824,0.170241146,927.0469801,13.29173776
971,test,55.91834497,2128.521397,113.7529392,0.179174872,840.0497496,91.76456034
972,test,45.44252528,1972.285219,116.3116163,0.213783874,231.0669013,37.70796523
973,train,54.60548823,2178.198147,393.7206834,0.292171811,709.3827667,44.34345944
974,test,41.70620873,2319.13659,365.93747,0.190621819,785.245292,67.62817815
975,train,81.87807133,2596.643775,490.9311162,0.214815564,974.7377072,28.08749461
976,train,21.12615795,1319.14838,398.5709773,0.113689633,834.9608737,12.64899652
977,train,26.1104557,2203.735984,313.1150765,0.276842137,386.4268783,60.66147501
978,train,41.23693549,1395.460756,457.8626995,0.268620498,265.1014212,38.23448914
979,test,41.32173279,1745.004572,484.1523385,0.186452656,535.7429425,83.73410986
980,train,47.41697389,2043.398894,201.6245951,0.264197951,362.1314054,19.80610314
981,test,35.52554795,2631.664726,51.83805564,0.108225491,622.1271552,25.59661291
982,train,7.876332738,2229.697089,436.3897343,0.176856452,934.4425919,52.8549474
983,train,42.33446184,2867.125861,106.0674074,0.191070091,582.8342311,19.12895312
984,test,58.08931933,2121.620296,389.5108634,0.201783118,798.7478606,59.93551751
985,train,18.71037585,1025.930172,183.5769336,0.136773786,691.7430591,53.1687172
986,train,39.01468044,1212.226847,130.1426909,0.274260348,817.3627571,98.40049485
987,train,28.09140998,2924.812599,414.3821385,0.230212376,656.5081389,89.35042369
988,train,13.78017398,2090.010598,378.8525546,0.285674911,281.898548,48.85568039
989,train,94.34806063,1667.656609,312.8222345,0.164164473,615.3636974,30.17869645
990,train,79.24467284,1322.220731,138.2173528,0.165752968,615.0200064,44.08163664
991,train,18.39862199,2961.554027,200.5483028,0.229651385,407.7682639,79.17569812
992,train,43.46041997,2162.892208,416.1052044,0.261131377,511.8431685,93.81063704
993,train,48.71194451,2409.493322,272.1850188,0.163818395,943.8009306,77.4468165
994,train,55.36209502,2028.74296,236.4048769,0.176245716,665.7103838,14.59249665
995,train,29.04134105,1389.699699,267.8021526,0.297612512,360.7830561,49.6591164
996,test,18.72668416,1760.642289,107.3074129,0.118329127,619.9452365,50.13846618
997,test,79.35972207,2888.540632,286.1117678,0.220148341,463.1729384,15.56038833
998,test,64.00200085,2068.865519,273.4226418,0.162464609,421.7990025,34.31430077
999,test,29.65391265,1998.328914,160.0513459,0.197520813,353.9490631,62.92268139
